<?xml version="1.0" encoding="UTF-8"?>
<beans xmlns="http://www.springframework.org/schema/beans"
       xmlns:xsi="http://www.w3.org/2001/XMLSchema-instance" xmlns:aop="http://www.springframework.org/schema/aop"
       xsi:schemaLocation="http://www.springframework.org/schema/beans http://www.springframework.org/schema/beans/spring-beans.xsd http://www.springframework.org/schema/aop https://www.springframework.org/schema/aop/spring-aop.xsd">

    <import resource="mybatis-spring.xml"/>

    <bean id="userMapper" class="com.test.mapper.Impl.UserMapperImpl">
        <property name="sqlSession" ref="sqlSession"/>
    </bean>

    <aop:config>
        <aop:pointcut id="transactionPointCut" expression="execution(* com.test.mapper.Impl.*.*(..))"/>
        <aop:advisor advice-ref="transactionInterceptor" pointcut-ref="transactionPointCut"/>
    </aop:config>
</beans>