<?xml version="1.0" encoding="UTF-8" ?>
<!DOCTYPE mapper
        PUBLIC "-//mybatis.org//DTD Mapper 3.0//EN"
        "http://mybatis.org/dtd/mybatis-3-mapper.dtd">
<mapper namespace="com.zgf.mapper.BooksMapper">
    <insert id="add" parameterType="books">
        insert into books values (#{bookName},#{BookCounts},#{detail})
    </insert>
    <delete id="delete">
        delete from books where bookID = #{bookID}
    </delete>
    <update id="update" parameterType="map">
        update from books
            <set>
                <if test="bookName != null">bookName = #{bookName},</if>
                <if test="bookCount != null">bookCount = #{bookCounts},</if>
                <if test="detail != null">detail = #{detail}</if>
            </set>
            where bookID = #{bookID}
    </update>
    <select id="getAll" resultType="books">
        select * from books
    </select>
    <select id="getById" resultType="books">
        select * from books where bookID = #{bookID}
    </select>
</mapper>