<?xml version="1.0" encoding="UTF-8"?>
<beans xmlns="http://www.springframework.org/schema/beans"
       xmlns:xsi="http://www.w3.org/2001/XMLSchema-instance"
       xsi:schemaLocation="http://www.springframework.org/schema/beans http://www.springframework.org/schema/beans/spring-beans.xsd">

    <!--DataSource-->
    <bean id="dataSource" class="org.springframework.jdbc.datasource.DriverManagerDataSource">
        <property name="driverClassName" value="com.mysql.cj.jdbc.Driver"/>
        <property name="url" value="jdbc:mysql://localhost:3306/sims?characterEncoding=UTF-8"/>
        <property name="username" value="root"/>
        <property name="password" value="...."/>
    </bean>
    <!--sqlSessionFactory-->
    <bean id="sqlSessionFactory" class="org.mybatis.spring.SqlSessionFactoryBean">
        <property name="dataSource" ref="dataSource"/>
        <!--mybatis config-->
        <property name="configLocation" value="classpath:mybatis-config.xml"/>
        <property name="mapperLocations" value="classpath:com/test/mapper/*.xml"/>
    </bean>

    <!--SqlSessionTemplate(sqlSession)-->
    <bean id="sqlSession" class="org.mybatis.spring.SqlSessionTemplate">
        <!--sqlSessionFactory-->
        <constructor-arg index="0" ref="sqlSessionFactory"/>
       <!-- <constructor-arg index="1" ref="sqlSessionFactory"/>
        <constructor-arg index="2" ref="sqlSessionFactory"/>-->
    </bean>

</beans>