<?xml version="1.0" encoding="UTF-8" ?>
<!DOCTYPE configuration
        PUBLIC "-//mybatis.org//DTD Config 3.0//EN"
        "http://mybatis.org/dtd/mybatis-3-config.dtd">
<configuration>
    <settings>
        <setting name="logImpl" value="LOG4J"/>
        <setting name="cacheEnabled" value="true"/>
        <setting name="mapUnderscoreToCamelCase" value="true"/>
    </settings>
    <typeAliases>
        <package name="com.zgf.entity"/>
    </typeAliases>
    <mappers>
        <package name="com.zgf.mapper"/>
    </mappers>
</configuration>