<?xml version="1.0" encoding="UTF-8"?>
<beans xmlns="http://www.springframework.org/schema/beans"
       xmlns:xsi="http://www.w3.org/2001/XMLSchema-instance"
       xmlns:context="http://www.springframework.org/schema/context"
       xmlns:aop="http://www.springframework.org/schema/aop"
       xmlns:tx="http://www.springframework.org/schema/tx"
       xsi:schemaLocation="http://www.springframework.org/schema/beans
       http://www.springframework.org/schema/beans/spring-beans.xsd
       http://www.springframework.org/schema/context
       https://www.springframework.org/schema/context/spring-context.xsd
       http://www.springframework.org/schema/aop
       https://www.springframework.org/schema/aop/spring-aop.xsd
       http://www.springframework.org/schema/tx
       https://www.springframework.org/schema/tx/spring-tx.xsd">
    <!--扫描service下的包-->
    <context:component-scan base-package="com.zgf.service"/>
    <!--将所有业务类注入到Spring-->
    <bean id="booksService" class="com.zgf.service.Impl.BooksServiceImpl">
        <property name="booksMapper" ref="booksMapper"/>
    </bean>
    <!--声明式事务-->
    <bean id="transactionManager" class="org.springframework.jdbc.datasource.DataSourceTransactionManager">
        <property name="dataSource" ref="dataSource"/>
    </bean>
    <!--AOP横切事务-->
    <tx:advice id="interceptor" transaction-manager="transactionManager">
        <tx:attributes>
            <tx:method name="*" propagation="REQUIRED"/>
        </tx:attributes>
    </tx:advice>
    <!--事务切入点-->
    <aop:config>
        <aop:pointcut id="txPointCut" expression="execution(* com.zgf.mapper.*.*(..))"/>
        <aop:advisor advice-ref="interceptor" pointcut-ref="txPointCut"/>
    </aop:config>
</beans>